{"0.11862740152215845":{"user_id":2},"0.6818550432990436":{"user_id":2},"0.464218674389798":{"user_id":1},"0.9336738711781161":{"user_id":1},"0.6253168479590636":{"user_id":1}}